Sample_Size,Quantile,Sum,Average
10.0,0.073481041,,
10.0,0.068706322,,
10.0,0.074127589,,
10.0,0.0941391,,
10.0,0.078356119,,
10.0,0.084210948,,
10.0,0.084731176,,
10.0,0.092376757,,
10.0,0.091239659,,
10.0,0.10980004,,
