Sample_Size,Quantile,Sum,Average
100.0,0.00105601,,
100.0,0.009565311,,
100.0,0.007851073,,
100.0,0.004730815,,
100.0,0.007498481,,
100.0,0.007179076,,
100.0,0.005484241,,
100.0,0.00578472,,
100.0,0.005913316,,
100.0,0.00574597,,
