Sample_Size,Quantile,Sum,Average
10000.0,,0.051326286,
10000.0,,0.053764371,
10000.0,,0.068144359,
10000.0,,0.06089238,
10000.0,,0.054997686,
10000.0,,0.048851713,
10000.0,,0.055189389,
10000.0,,0.05269485,
10000.0,,0.046826645,
10000.0,,0.056449795,
