Sample_Size,Quantile,Sum,Average
100.0,,,0.016609539
100.0,,,0.14536337
100.0,,,0.285583097
100.0,,,0.273360412
100.0,,,0.272995067
100.0,,,0.295824795
100.0,,,0.289638082
100.0,,,0.27663663
100.0,,,0.331789503
100.0,,,0.305747446
