Sample_Size,Quantile,Sum,Average
10000.0,,,0.00351346
10000.0,,,0.003505224
10000.0,,,0.003497694
10000.0,,,0.003449737
10000.0,,,0.003761304
10000.0,,,0.003513567
10000.0,,,0.003566102
10000.0,,,0.003531395
10000.0,,,0.003494862
10000.0,,,0.008360257
