Sample_Size,Quantile,Sum,Average
1000.0,,0.088922326,
1000.0,,0.104962626,
1000.0,,0.102898892,
1000.0,,0.12640734,
1000.0,,0.130906885,
1000.0,,0.125292251,
1000.0,,0.102754471,
1000.0,,0.127556355,
1000.0,,0.1049982,
1000.0,,0.126434822,
