Sample_Size,Quantile,Sum,Average
1000.0,,,0.013925258
1000.0,,,0.006570057
1000.0,,,0.007890861
1000.0,,,0.006688721
1000.0,,,0.008565595
1000.0,,,0.007856871
1000.0,,,0.01403333
1000.0,,,0.007790577
1000.0,,,0.009633604
1000.0,,,0.008034854
