Sample_Size,Quantile,Sum,Average
10.0,,0.000298232,
10.0,,0.000472841,
10.0,,0.000657551,
10.0,,0.000473167,
10.0,,0.000528869,
10.0,,0.000579112,
10.0,,0.000468873,
10.0,,0.000314388,
10.0,,0.000478454,
10.0,,0.00065731,
