Sample_Size,Quantile,Sum,Average
100.0,,,0.005451428
100.0,,,0.005621634
100.0,,,0.004635361
100.0,,,0.004833608
100.0,,,0.005234397
100.0,,,0.005391403
100.0,,,0.005499678
100.0,,,0.004316895
100.0,,,0.004750786
100.0,,,0.004928279
