Sample_Size,Quantile,Sum,Average
1000.0,0.008752765,,
1000.0,0.00848223,,
1000.0,0.009171076,,
1000.0,0.00911969,,
1000.0,0.008450385,,
1000.0,0.008454581,,
1000.0,0.008503916,,
1000.0,0.008564534,,
1000.0,0.008585972,,
1000.0,0.008484368,,
