Sample_Size,Quantile,Sum,Average
1000.0,,,0.000709744
1000.0,,,0.000704834
1000.0,,,0.000722638
1000.0,,,0.000690444
1000.0,,,0.000677291
1000.0,,,0.00069417
1000.0,,,0.000695044
1000.0,,,0.000680238
1000.0,,,0.000698107
1000.0,,,0.000962929
