Sample_Size,Quantile,Sum,Average
10000.0,0.046292558,,
10000.0,0.044768059,,
10000.0,0.048916371,,
10000.0,0.047519566,,
10000.0,0.046023337,,
10000.0,0.052266197,,
10000.0,0.04554031,,
10000.0,0.04625029,,
10000.0,0.047427821,,
10000.0,0.046184466,,
