Sample_Size,Quantile,Sum,Average
100.0,,2.14019148,
100.0,,1.654627757,
100.0,,1.702552447,
100.0,,2.026646772,
100.0,,1.67324691,
100.0,,2.008560634,
100.0,,2.116827404,
100.0,,1.621314938,
100.0,,2.019317222,
100.0,,2.1750396260000002,
