Sample_Size,Quantile,Sum,Average
10000.0,0.027756271,,
10000.0,0.028974696,,
10000.0,0.027582037,,
10000.0,0.027805568,,
10000.0,0.028753965,,
10000.0,0.03082858,,
10000.0,0.025733348,,
10000.0,0.028729283,,
10000.0,0.030419334,,
10000.0,0.027107312,,
