Sample_Size,Quantile,Sum,Average
10.0,,0.011038076,
10.0,,0.001401826,
10.0,,0.000974983,
10.0,,0.00100545,
10.0,,0.001048197,
10.0,,0.001016818,
10.0,,0.006049772,
10.0,,0.005042976,
10.0,,0.007730183,
10.0,,0.005749555,
