Sample_Size,Quantile,Sum,Average
10000.0,,,0.001927287
10000.0,,,0.001837055
10000.0,,,0.002016655
10000.0,,,0.003354912
10000.0,,,0.001827665
10000.0,,,0.002017429
10000.0,,,0.001945247
10000.0,,,0.003662813
10000.0,,,0.001772851
10000.0,,,0.001936513
