Sample_Size,Quantile,Sum,Average
10000.0,,,120.00117687
10000.0,,,120.001472715
10000.0,,,120.000808708
10000.0,,,120.001541495
10000.0,,,120.000715257
10000.0,,,120.00099554
10000.0,,,120.000348021
10000.0,,,120.002778818
10000.0,,,120.001195886
10000.0,,,120.001022672
