Sample_Size,Quantile,Sum,Average
1000.0,,,0.003016449
1000.0,,,0.001330873
1000.0,,,0.001254392
1000.0,,,0.001848582
1000.0,,,0.001299105
1000.0,,,0.001313831
1000.0,,,0.002053804
1000.0,,,0.003659792
1000.0,,,0.00150508
1000.0,,,0.001350139
