Sample_Size,Quantile,Sum,Average
1000.0,,,1.04934593
1000.0,,,1.042658504
1000.0,,,1.139681184
1000.0,,,1.086833315
1000.0,,,1.083330857
1000.0,,,1.132134932
1000.0,,,1.111481072
1000.0,,,1.057874172
1000.0,,,1.104272073
1000.0,,,1.083476041
