Sample_Size,Quantile,Sum,Average
100.0,,0.000748351,
100.0,,0.00091079,
100.0,,0.001744699,
100.0,,0.001950517,
100.0,,0.002164991,
100.0,,0.004249408,
100.0,,0.001944917,
100.0,,0.002507388,
100.0,,0.00212888,
100.0,,0.002239897,
