Sample_Size,Quantile,Sum,Average
10.0,,,0.001495284
10.0,,,0.012518086
10.0,,,0.014878312
10.0,,,0.011792613
10.0,,,0.156927224
10.0,,,0.094111928
10.0,,,0.188375649
10.0,,,0.166247748
10.0,,,0.0958819
10.0,,,0.167821413
