Sample_Size,Quantile,Sum,Average
100000.0,0.000424429,,
100000.0,0.000634839,,
100000.0,0.000658223,,
100000.0,0.000606522,,
100000.0,0.000595973,,
100000.0,0.000623811,,
100000.0,0.000599368,,
100000.0,0.000616599,,
100000.0,0.00070913,,
100000.0,0.00066578,,
