Sample_Size,Quantile,Sum,Average
10.0,,,0.052419733
10.0,,,0.021368306
10.0,,,0.017493273
10.0,,,0.309902896
10.0,,,0.124602853
10.0,,,0.310928387
10.0,,,0.274480239
10.0,,,0.129650225
10.0,,,0.148764449
10.0,,,0.141622755
