Sample_Size,Quantile,Sum,Average
1000.0,,,0.176466838
1000.0,,,0.150598886
1000.0,,,0.135011699
1000.0,,,0.114563875
1000.0,,,0.117200041
1000.0,,,0.136699807
1000.0,,,0.112886669
1000.0,,,0.139142086
1000.0,,,0.135037348
1000.0,,,0.115189378
