Sample_Size,Quantile,Sum,Average
10000.0,3.013608847,,
10000.0,2.967299667,,
10000.0,2.94506151,,
10000.0,2.958634435,,
10000.0,2.944903766,,
10000.0,3.008136327,,
10000.0,2.9619300920000002,,
10000.0,2.950871436,,
10000.0,2.96632803,,
10000.0,2.927581595,,
