Sample_Size,Quantile,Sum,Average
10000.0,,,0.109097876
10000.0,,,0.113992308
10000.0,,,0.105082736
10000.0,,,0.113142569
10000.0,,,0.121769514
10000.0,,,0.11100478
10000.0,,,0.130351268
10000.0,,,0.124764241
10000.0,,,0.117906316
10000.0,,,0.107324661
