Sample_Size,Quantile,Sum,Average
100.0,0.009428946,,
100.0,0.192811574,,
100.0,0.160754726,,
100.0,0.180780001,,
100.0,0.091312186,,
100.0,0.191293164,,
100.0,0.210276096,,
100.0,0.182726645,,
100.0,0.119750316,,
100.0,0.253820981,,
