Sample_Size,Quantile,Sum,Average
100.0,,,0.270318427
100.0,,,0.136581268
100.0,,,0.15578727
100.0,,,0.168368791
100.0,,,0.219031089
100.0,,,0.140326504
100.0,,,0.177833361
100.0,,,0.188482032
100.0,,,0.190150772
100.0,,,0.155457549
