Sample_Size,Quantile,Sum,Average
100000.0,,0.034164235,
100000.0,,0.034507543,
100000.0,,0.033200128,
100000.0,,0.036967474,
100000.0,,0.03804467,
100000.0,,0.03609933,
100000.0,,0.036774756,
100000.0,,0.034824258,
100000.0,,0.034422689,
100000.0,,0.034439751,
