Sample_Size,Quantile,Sum,Average
100000.0,,,1.023176683
100000.0,,,1.108606035
100000.0,,,1.114359039
100000.0,,,1.138360534
100000.0,,,1.141565855
100000.0,,,1.146486815
100000.0,,,1.267120212
100000.0,,,1.092185962
100000.0,,,1.148882655
100000.0,,,1.118522302
