Sample_Size,Quantile,Sum,Average
100.0,0.043291958,,
100.0,0.041189275,,
100.0,0.045630195,,
100.0,0.042951624,,
100.0,0.047096537,,
100.0,0.044833279,,
100.0,0.058461541,,
100.0,0.046280577,,
100.0,0.046556823,,
100.0,0.041639682,,
