Sample_Size,Quantile,Sum,Average
10.0,0.000511275,,
10.0,0.0005654,,
10.0,0.00054035,,
10.0,0.000651783,,
10.0,0.000569605,,
10.0,0.000599599,,
10.0,0.000518326,,
10.0,0.000609602,,
10.0,0.000538032,,
10.0,0.000586325,,
