Sample_Size,Quantile,Sum,Average
10000.0,,0.009148444,
10000.0,,0.011557798,
10000.0,,0.011508642,
10000.0,,0.010747465,
10000.0,,0.010293412,
10000.0,,0.01787112,
10000.0,,0.012187354,
10000.0,,0.013059593,
10000.0,,0.019048871,
10000.0,,0.010186953,
