Sample_Size,Quantile,Sum,Average
1000.0,,0.006447695,
1000.0,,0.0035231,
1000.0,,0.00233844,
1000.0,,0.005063618,
1000.0,,0.002333281,
1000.0,,0.002310701,
1000.0,,0.004780033,
1000.0,,0.004269312,
1000.0,,0.002472116,
1000.0,,0.004121278,
