Sample_Size,Quantile,Sum,Average
10.0,,,0.000422948
10.0,,,0.000504798
10.0,,,0.000455998
10.0,,,0.00038982
10.0,,,0.000351713
10.0,,,0.000335675
10.0,,,0.000471059
10.0,,,0.000406137
10.0,,,0.000406165
10.0,,,0.000343
