Sample_Size,Quantile,Sum,Average
10000.0,0.692866728,,
10000.0,0.661688496,,
10000.0,0.679765556,,
10000.0,0.710203326,,
10000.0,0.674273051,,
10000.0,0.698938544,,
10000.0,0.676643871,,
10000.0,0.692789118,,
10000.0,0.720466584,,
10000.0,0.743448654,,
