Sample_Size,Quantile,Sum,Average
100.0,,,0.00141357
100.0,,,0.006481648
100.0,,,0.005091966
100.0,,,0.005356244
100.0,,,0.005305349
100.0,,,0.007817725
100.0,,,0.006026376
100.0,,,0.006780132
100.0,,,0.006712357
100.0,,,0.00842275
