Sample_Size,Quantile,Sum,Average
100.0,0.013827135,,
100.0,0.28138281,,
100.0,0.239261623,,
100.0,0.234103415,,
100.0,0.130855678,,
100.0,0.286523273,,
100.0,0.31050792,,
100.0,0.32976086,,
100.0,0.348885139,,
100.0,0.325813193,,
