Sample_Size,Quantile,Sum,Average
100.0,,,0.026865017
100.0,,,0.034188827
100.0,,,0.028971668
100.0,,,0.044184368
100.0,,,0.030582241
100.0,,,0.034536144
100.0,,,0.034835279
100.0,,,0.030646565
100.0,,,0.03295951
100.0,,,0.031864587
