Sample_Size,Quantile,Sum,Average
10.0,,0.054134243,
10.0,,0.018794008,
10.0,,0.024632983,
10.0,,0.294247751,
10.0,,0.259342422,
10.0,,0.299266489,
10.0,,0.1654963,
10.0,,0.220161338,
10.0,,0.144137197,
10.0,,0.285966796,
