Sample_Size,Quantile,Sum,Average
10.0,0.131811661,,
10.0,0.155703128,,
10.0,0.131456173,,
10.0,0.131946735,,
10.0,0.156155001,,
10.0,0.135073523,,
10.0,0.141925095,,
10.0,0.185551731,,
10.0,0.148283778,,
10.0,0.182243468,,
