Sample_Size,Quantile,Sum,Average
10000.0,,0.021635425,
10000.0,,0.021634543,
10000.0,,0.022982819,
10000.0,,0.022870753,
10000.0,,0.022928239,
10000.0,,0.024661715,
10000.0,,0.021898633,
10000.0,,0.022445161,
10000.0,,0.022365192,
10000.0,,0.023448544,
