Sample_Size,Quantile,Sum,Average
100.0,,,0.010215863
100.0,,,0.180626914
100.0,,,0.156415758
100.0,,,0.096855096
100.0,,,0.175576024
100.0,,,0.175084957
100.0,,,0.162229908
100.0,,,0.179707815
100.0,,,0.207224689
100.0,,,0.289237506
