Sample_Size,Quantile,Sum,Average
100.0,,0.000811429,
100.0,,0.000907772,
100.0,,0.000877291,
100.0,,0.000727464,
100.0,,0.000711312,
100.0,,0.000735907,
100.0,,0.000780429,
100.0,,0.00081942,
100.0,,0.000783398,
100.0,,0.000812327,
