Sample_Size,Quantile,Sum,Average
10000.0,,0.12747521,
10000.0,,0.127423687,
10000.0,,0.099663553,
10000.0,,0.099092383,
10000.0,,0.100319026,
10000.0,,0.106204904,
10000.0,,0.097834292,
10000.0,,0.106321242,
10000.0,,0.100306164,
10000.0,,0.10030338,
