Sample_Size,Quantile,Sum,Average
100.0,0.000914256,,
100.0,0.009469092,,
100.0,0.001185143,,
100.0,0.004033133,,
100.0,0.001031874,,
100.0,0.001118009,,
100.0,0.001084571,,
100.0,0.001024784,,
100.0,0.001015114,,
100.0,0.003587659,,
