Sample_Size,Quantile,Sum,Average
100.0,,0.001507998,
100.0,,0.035855589,
100.0,,0.031286262,
100.0,,0.028632822,
100.0,,0.035108516,
100.0,,0.031186198,
100.0,,0.034288617,
100.0,,0.033691814,
100.0,,0.048390078,
100.0,,0.033071615,
