Sample_Size,Quantile,Sum,Average
10.0,,0.012686232,
10.0,,0.013638042,
10.0,,0.013958416,
10.0,,0.015672686,
10.0,,0.016540646,
10.0,,0.017342211,
10.0,,0.017979346,
10.0,,0.018588111,
10.0,,0.019311351,
10.0,,0.018437744,
