Sample_Size,Quantile,Sum,Average
100.0,0.00057005,,
100.0,0.000464611,,
100.0,0.000478472,,
100.0,0.000593118,,
100.0,0.000477235,,
100.0,0.000411258,,
100.0,0.000442671,,
100.0,0.000439207,,
100.0,0.000440324,,
100.0,0.000487679,,
