Sample_Size,Quantile,Sum,Average
10.0,,,0.099992719
10.0,,,0.123851622
10.0,,,0.152408298
10.0,,,0.135729749
10.0,,,0.147665398
10.0,,,0.128946469
10.0,,,0.109469515
10.0,,,0.113315843
10.0,,,0.112431955
10.0,,,0.126694964
