Sample_Size,Quantile,Sum,Average
1000.0,,,0.003463163
1000.0,,,0.003511009
1000.0,,,0.003499014
1000.0,,,0.003528108
1000.0,,,0.003474395
1000.0,,,0.003531381
1000.0,,,0.00379104
1000.0,,,0.003572092
1000.0,,,0.003872636
1000.0,,,0.003507411
