Sample_Size,Quantile,Sum,Average
10000.0,0.010095227,,
10000.0,0.010198532,,
10000.0,0.010865013,,
10000.0,0.011639393,,
10000.0,0.013050256,,
10000.0,0.010041261,,
10000.0,0.010253349,,
10000.0,0.011535606,,
10000.0,0.01335199,,
10000.0,0.010097079,,
