Sample_Size,Quantile,Sum,Average
100000.0,,,0.000630344
100000.0,,,0.000692797
100000.0,,,0.000729734
100000.0,,,0.000640145
100000.0,,,0.000676415
100000.0,,,0.000689334
100000.0,,,0.000655989
100000.0,,,0.000659364
100000.0,,,0.000749122
100000.0,,,0.00070752
