Sample_Size,Quantile,Sum,Average
10.0,,,0.000586815
10.0,,,0.000505269
10.0,,,0.000537963
10.0,,,0.000474642
10.0,,,0.000565586
10.0,,,0.000514919
10.0,,,0.000568535
10.0,,,0.000462865
10.0,,,0.000589393
10.0,,,0.000521107
