Sample_Size,Quantile,Sum,Average
100000.0,,,0.011332174
100000.0,,,0.00849324
100000.0,,,0.007784282
100000.0,,,0.0081829
100000.0,,,0.007962774
100000.0,,,0.008018422
100000.0,,,0.00772704
100000.0,,,0.007667649
100000.0,,,0.007642395
100000.0,,,0.007840834
