Sample_Size,Quantile,Sum,Average
1000.0,0.002110969,,
1000.0,0.001067685,,
1000.0,0.001101487,,
1000.0,0.001099251,,
1000.0,0.001112618,,
1000.0,0.001037758,,
1000.0,0.001079907,,
1000.0,0.001137672,,
1000.0,0.001151119,,
1000.0,0.001120005,,
