Sample_Size,Quantile,Sum,Average
100.0,,,0.010061117
100.0,,,0.029097301
100.0,,,0.046244551
100.0,,,0.044405753
100.0,,,0.052604627
100.0,,,0.038694955
100.0,,,0.035632413
100.0,,,0.038357655
100.0,,,0.048021073
100.0,,,0.034327009
