Sample_Size,Quantile,Sum,Average
10000.0,,,0.054744873
10000.0,,,0.056167898
10000.0,,,0.074706064
10000.0,,,0.058447266
10000.0,,,0.0452123
10000.0,,,0.057241431
10000.0,,,0.053512412
10000.0,,,0.056175619
10000.0,,,0.050276637
10000.0,,,0.060133221
