Sample_Size,Quantile,Sum,Average
1000.0,1.341611167,,
1000.0,1.269808354,,
1000.0,1.210185843,,
1000.0,1.220474796,,
1000.0,1.282963905,,
1000.0,1.316602371,,
1000.0,1.277481886,,
1000.0,1.277360542,,
1000.0,1.302667784,,
1000.0,1.38160448,,
