Sample_Size,Quantile,Sum,Average
10.0,0.001270043,,
10.0,0.003503771,,
10.0,0.001860663,,
10.0,0.044954068,,
10.0,0.038255825,,
10.0,0.042221446,,
10.0,0.04068245,,
10.0,0.049711331,,
10.0,0.056156228,,
10.0,0.058923056,,
