Sample_Size,Quantile,Sum,Average
100.0,0.216111812,,
100.0,0.286254597,,
100.0,0.281431505,,
100.0,0.228873206,,
100.0,0.205359711,,
100.0,0.260681937,,
100.0,0.279959069,,
100.0,0.257866555,,
100.0,0.281520473,,
100.0,0.269538004,,
