Sample_Size,Quantile,Sum,Average
100000.0,120.008926868,,
100000.0,120.008657029,,
100000.0,120.008876039,,
100000.0,120.009637291,,
100000.0,120.004666595,,
100000.0,120.003994994,,
100000.0,120.001119842,,
100000.0,120.006575098,,
100000.0,120.004336116,,
100000.0,120.010227667,,
