Sample_Size,Quantile,Sum,Average
1000.0,0.001525735,,
1000.0,0.001557743,,
1000.0,0.002957083,,
1000.0,0.001572043,,
1000.0,0.001508531,,
1000.0,0.00152086,,
1000.0,0.001547915,,
1000.0,0.001533088,,
1000.0,0.001605297,,
1000.0,0.001573147,,
