Sample_Size,Quantile,Sum,Average
10.0,,0.019653826,
10.0,,0.002683171,
10.0,,0.002615657,
10.0,,0.026392057,
10.0,,0.03499803,
10.0,,0.037051077,
10.0,,0.037936194,
10.0,,0.035716488,
10.0,,0.045859597,
10.0,,0.034663433,
