Sample_Size,Quantile,Sum,Average
100.0,0.009296204,,
100.0,0.009226991,,
100.0,0.008179662,,
100.0,0.008440052,,
100.0,0.008731337,,
100.0,0.008918914,,
100.0,0.009048915,,
100.0,0.009339372,,
100.0,0.00822749,,
100.0,0.008768344,,
