Sample_Size,Quantile,Sum,Average
1000.0,0.010525333,,
1000.0,0.011384859,,
1000.0,0.012560863,,
1000.0,0.010802993,,
1000.0,0.010777174,,
1000.0,0.015880172,,
1000.0,0.009213765,,
1000.0,0.011832416,,
1000.0,0.010795047,,
1000.0,0.009037331,,
