Sample_Size,Quantile,Sum,Average
1000.0,,0.001211801,
1000.0,,0.001219097,
1000.0,,0.001240857,
1000.0,,0.001446877,
1000.0,,0.001281532,
1000.0,,0.001272109,
1000.0,,0.001314885,
1000.0,,0.003192325,
1000.0,,0.001302965,
1000.0,,0.001408942,
