Sample_Size,Quantile,Sum,Average
10.0,,,0.013206513
10.0,,,0.013790751
10.0,,,0.019883187
10.0,,,0.015710072
10.0,,,0.016825689
10.0,,,0.01797699
10.0,,,0.016319647
10.0,,,0.017489162
10.0,,,0.018548805
10.0,,,0.01827402
