Sample_Size,Quantile,Sum,Average
100000.0,6.334297228,,
100000.0,6.43145711,,
100000.0,6.191634925,,
100000.0,6.224135942,,
100000.0,6.241335982,,
100000.0,6.287127494,,
100000.0,6.320720478,,
100000.0,6.421298019,,
100000.0,6.3028093179999995,,
100000.0,6.017140661,,
