Sample_Size,Quantile,Sum,Average
100000.0,,0.005776894,
100000.0,,0.005929151,
100000.0,,0.006046467,
100000.0,,0.00589993,
100000.0,,0.005948915,
100000.0,,0.005975955,
100000.0,,0.006064552,
100000.0,,0.005776686,
100000.0,,0.005843925,
100000.0,,0.005793653,
