Sample_Size,Quantile,Sum,Average
10000.0,0.35159124,,
10000.0,0.339408751,,
10000.0,0.326225756,,
10000.0,0.344314977,,
10000.0,0.330656699,,
10000.0,0.333982789,,
10000.0,0.330888931,,
10000.0,0.328946012,,
10000.0,0.355877048,,
10000.0,0.346386352,,
