Sample_Size,Quantile,Sum,Average
100.0,,,0.000835751
100.0,,,0.000918777
100.0,,,0.001113275
100.0,,,0.001162549
100.0,,,0.001176446
100.0,,,0.001197062
100.0,,,0.001300874
100.0,,,0.001261304
100.0,,,0.001279144
100.0,,,0.001161068
