Sample_Size,Quantile,Sum,Average
100.0,0.000708729,,
100.0,0.001261271,,
100.0,0.001292367,,
100.0,0.00119393,,
100.0,0.001201766,,
100.0,0.001176354,,
100.0,0.001170397,,
100.0,0.001217679,,
100.0,0.001224774,,
100.0,0.001276037,,
