Sample_Size,Quantile,Sum,Average
10.0,,,0.01873483
10.0,,,0.003866939
10.0,,,0.01075676
10.0,,,0.030424045
10.0,,,0.044629949
10.0,,,0.046981725
10.0,,,0.038893317
10.0,,,0.045952235
10.0,,,0.051339407
10.0,,,0.04562179
