Sample_Size,Quantile,Sum,Average
100000.0,,,0.187526045
100000.0,,,0.189723883
100000.0,,,0.201840267
100000.0,,,0.215538061
100000.0,,,0.238080539
100000.0,,,0.201629008
100000.0,,,0.210240744
100000.0,,,0.230703217
100000.0,,,0.205222274
100000.0,,,0.212553692
