Sample_Size,Quantile,Sum,Average
1000.0,,14.785516854,
1000.0,,14.336743979,
1000.0,,15.501322545,
1000.0,,14.831792379,
1000.0,,15.036684958,
1000.0,,14.794744666,
1000.0,,15.370173781,
1000.0,,13.733477922,
1000.0,,14.340659872,
1000.0,,14.809149443999999,
