Sample_Size,Quantile,Sum,Average
100000.0,1.042669308,,
100000.0,0.979247451,,
100000.0,0.973748979,,
100000.0,0.982532909,,
100000.0,1.000107783,,
100000.0,0.970279792,,
100000.0,1.03467561,,
100000.0,0.97482892,,
100000.0,0.992985748,,
100000.0,0.98360286,,
