Sample_Size,Quantile,Sum,Average
10000.0,,,0.512587448
10000.0,,,0.462919944
10000.0,,,0.39308239
10000.0,,,0.433037459
10000.0,,,0.388231682
10000.0,,,0.396547317
10000.0,,,0.48860868
10000.0,,,0.482309497
10000.0,,,0.436428833
10000.0,,,0.424406612
