Sample_Size,Quantile,Sum,Average
100.0,,0.000397022,
100.0,,0.000365324,
100.0,,0.000409794,
100.0,,0.000365408,
100.0,,0.000351086,
100.0,,0.000342255,
100.0,,0.000369378,
100.0,,0.00036983,
100.0,,0.00037884,
100.0,,0.000374863,
