Sample_Size,Quantile,Sum,Average
100.0,0.002269259,,
100.0,0.039666498,,
100.0,0.044136204,,
100.0,0.0511487,,
100.0,0.032867203,,
100.0,0.048953513,,
100.0,0.035149445,,
100.0,0.047864891,,
100.0,0.049767541,,
100.0,0.043660007,,
