Sample_Size,Quantile,Sum,Average
1000.0,0.224387909,,
1000.0,0.169934204,,
1000.0,0.225452264,,
1000.0,0.220533976,,
1000.0,0.270677303,,
1000.0,0.140795148,,
1000.0,0.233409768,,
1000.0,0.262199638,,
1000.0,0.155283215,,
1000.0,0.278384044,,
