Sample_Size,Quantile,Sum,Average
1000.0,,,0.054224225
1000.0,,,0.035015221
1000.0,,,0.04704035
1000.0,,,0.056793344
1000.0,,,0.041956409
1000.0,,,0.039402781
1000.0,,,0.051365595
1000.0,,,0.040430732
1000.0,,,0.039668339
1000.0,,,0.043043689
