Sample_Size,Quantile,Sum,Average
10.0,0.001316116,,
10.0,0.001046887,,
10.0,0.001150896,,
10.0,0.000977989,,
10.0,0.001007872,,
10.0,0.000995469,,
10.0,0.009986725,,
10.0,0.00654678,,
10.0,0.004708344,,
10.0,0.006499455,,
