Sample_Size,Quantile,Sum,Average
1000.0,,,0.015857093
1000.0,,,0.025089945
1000.0,,,0.024673721
1000.0,,,0.023898646
1000.0,,,0.025187486
1000.0,,,0.02504778
1000.0,,,0.026006116
1000.0,,,0.026143981
1000.0,,,0.026703729
1000.0,,,0.026316781
