Sample_Size,Quantile,Sum,Average
1000.0,,0.024294296,
1000.0,,0.02376642,
1000.0,,0.022429494,
1000.0,,0.024328122,
1000.0,,0.022590728,
1000.0,,0.021768165,
1000.0,,0.023658383,
1000.0,,0.024213556,
1000.0,,0.023910467,
1000.0,,0.023902287,
