Sample_Size,Quantile,Sum,Average
1000.0,,0.00065137,
1000.0,,0.000769118,
1000.0,,0.000786771,
1000.0,,0.0006848,
1000.0,,0.001390756,
1000.0,,0.000658263,
1000.0,,0.0011467,
1000.0,,0.00067006,
1000.0,,0.000793551,
1000.0,,0.000734275,
