Sample_Size,Quantile,Sum,Average
1000.0,36.280373152,,
1000.0,36.630696612,,
1000.0,36.294097903,,
1000.0,36.170315837,,
1000.0,35.764180403,,
1000.0,36.617283614,,
1000.0,36.777456681,,
1000.0,36.780077203,,
1000.0,36.322936488,,
1000.0,37.57672309,,
