Sample_Size,Quantile,Sum,Average
1000.0,0.048000134,,
1000.0,0.044188164,,
1000.0,0.043416843,,
1000.0,0.047020759,,
1000.0,0.057705961,,
1000.0,0.068433697,,
1000.0,0.060130941,,
1000.0,0.059597249,,
1000.0,0.061556029,,
1000.0,0.048286263,,
