Sample_Size,Quantile,Sum,Average
10000.0,,,0.012137122
10000.0,,,0.012163084
10000.0,,,0.009986691
10000.0,,,0.010402787
10000.0,,,0.010299416
10000.0,,,0.009402797
10000.0,,,0.011443993
10000.0,,,0.011971073
10000.0,,,0.014865865
10000.0,,,0.010692301
