Sample_Size,Quantile,Sum,Average
1000.0,,,14.402519507
1000.0,,,16.017904021
1000.0,,,15.145034968
1000.0,,,15.504619368
1000.0,,,15.112631546
1000.0,,,15.030994069
1000.0,,,15.289645473
1000.0,,,15.794989239
1000.0,,,15.262305137
1000.0,,,15.798053265
