Sample_Size,Quantile,Sum,Average
1000.0,,0.007647061,
1000.0,,0.012271773,
1000.0,,0.006661573,
1000.0,,0.006910475,
1000.0,,0.008290284,
1000.0,,0.006512978,
1000.0,,0.008894764,
1000.0,,0.007778976,
1000.0,,0.006919762,
1000.0,,0.008644677,
