Sample_Size,Quantile,Sum,Average
100000.0,,0.000723395,
100000.0,,0.00064952,
100000.0,,0.000754933,
100000.0,,0.000590803,
100000.0,,0.000589397,
100000.0,,0.000631913,
100000.0,,0.0006341,
100000.0,,0.000648281,
100000.0,,0.000694202,
100000.0,,0.000616503,
