Sample_Size,Quantile,Sum,Average
10000.0,,120.000470484,
10000.0,,120.000582534,
10000.0,,120.000886926,
10000.0,,120.000758414,
10000.0,,120.002309338,
10000.0,,120.003292883,
10000.0,,120.000518181,
10000.0,,120.001031216,
10000.0,,120.000970731,
10000.0,,120.000753039,


