Sample_Size,Quantile,Sum,Average
10000.0,,0.401100597,
10000.0,,0.346438603,
10000.0,,0.286231586,
10000.0,,0.435441995,
10000.0,,0.479704071,
10000.0,,0.432539119,
10000.0,,0.349992115,
10000.0,,0.396322575,
10000.0,,0.303447876,
10000.0,,0.441910091,
