Sample_Size,Quantile,Sum,Average
10.0,,,0.001433804
10.0,,,0.000818136
10.0,,,0.000908465
10.0,,,0.000936358
10.0,,,0.000911941
10.0,,,0.000793226
10.0,,,0.002977702
10.0,,,0.003184462
10.0,,,0.001736516
10.0,,,0.002040368
