Sample_Size,Quantile,Sum,Average
10000.0,9.843302868,,
10000.0,8.488592035,,
10000.0,8.476303948,,
10000.0,8.565908814,,
10000.0,7.914539551,,
10000.0,8.85098171,,
10000.0,8.48649893,,
10000.0,7.693522219,,
10000.0,10.322821241,,
10000.0,8.286839159,,
