Sample_Size,Quantile,Sum,Average
10.0,0.009650195,,
10.0,0.001632587,,
10.0,0.002443623,,
10.0,0.009464094,,
10.0,0.001293969,,
10.0,0.001372675,,
10.0,0.000898744,,
10.0,0.000868242,,
10.0,0.000795549,,
10.0,0.000890873,,
