Sample_Size,Quantile,Sum,Average
100.0,,0.000846533,
100.0,,0.009607752,
100.0,,0.001093171,
100.0,,0.010107797,
100.0,,0.001129194,
100.0,,0.001240687,
100.0,,0.001236721,
100.0,,0.001591977,
100.0,,0.003173431,
100.0,,0.002632098,
