Sample_Size,Quantile,Sum,Average
10000.0,,0.003321058,
10000.0,,0.003259084,
10000.0,,0.003260634,
10000.0,,0.003240178,
10000.0,,0.00331079,
10000.0,,0.003600024,
10000.0,,0.003216795,
10000.0,,0.003248084,
10000.0,,0.003226069,
10000.0,,0.003248612,
