Sample_Size,Quantile,Sum,Average
100.0,3.569864417,,
100.0,2.813371649,,
100.0,3.169167871,,
100.0,3.555552998,,
100.0,2.847531498,,
100.0,3.055143485,,
100.0,3.539163307,,
100.0,2.83647269,,
100.0,3.05370993,,
100.0,3.350052948,,
