Sample_Size,Quantile,Sum,Average
10000.0,0.00980278,,
10000.0,0.009635389,,
10000.0,0.009890504,,
10000.0,0.0100362,,
10000.0,0.009869903,,
10000.0,0.00987415,,
10000.0,0.009947051,,
10000.0,0.009900754,,
10000.0,0.01482009,,
10000.0,0.009917722,,
