Sample_Size,Quantile,Sum,Average
100.0,,0.188815998,
100.0,,0.129557924,
100.0,,0.167383404,
100.0,,0.151615621,
100.0,,0.199228522,
100.0,,0.13155371,
100.0,,0.143198612,
100.0,,0.156995304,
100.0,,0.189028925,
100.0,,0.134576423,
