Sample_Size,Quantile,Sum,Average
10000.0,,,0.215502277
10000.0,,,0.298195563
10000.0,,,0.205143843
10000.0,,,0.271373236
10000.0,,,0.262633113
10000.0,,,0.194272308
10000.0,,,0.277902245
10000.0,,,0.260456759
10000.0,,,0.163566012
10000.0,,,0.25375561
