Sample_Size,Quantile,Sum,Average
100000.0,,0.238958393,
100000.0,,0.209665928,
100000.0,,0.197956023,
100000.0,,0.191411932,
100000.0,,0.193697328,
100000.0,,0.206063793,
100000.0,,0.208447596,
100000.0,,0.199138541,
100000.0,,0.200170176,
100000.0,,0.207710963,
