Sample_Size,Quantile,Sum,Average
100000.0,,,0.03425764
100000.0,,,0.034751483
100000.0,,,0.034311613
100000.0,,,0.03552327
100000.0,,,0.03296358
100000.0,,,0.035385078
100000.0,,,0.032387284
100000.0,,,0.035152951
100000.0,,,0.033608031
100000.0,,,0.031736547
