Sample_Size,Quantile,Sum,Average
10000.0,,0.001382579,
10000.0,,0.00196714,
10000.0,,0.001877452,
10000.0,,0.003783521,
10000.0,,0.001866975,
10000.0,,0.003574363,
10000.0,,0.001989031,
10000.0,,0.002078493,
10000.0,,0.003354906,
10000.0,,0.001862642,
