Sample_Size,Quantile,Sum,Average
10.0,,0.059953025,
10.0,,0.060932341,
10.0,,0.067470364,
10.0,,0.070222332,
10.0,,0.073094039,
10.0,,0.074790132,
10.0,,0.082223644,
10.0,,0.082448281,
10.0,,0.081777101,
10.0,,0.086758795,
