Sample_Size,Quantile,Sum,Average
10.0,0.001271749,,
10.0,0.019616964,,
10.0,0.024815277,,
10.0,0.28049634,,
10.0,0.352605674,,
10.0,0.276368853,,
10.0,0.241952305,,
10.0,0.320130837,,
10.0,0.137067413,,
10.0,0.32447562,,
