Sample_Size,Quantile,Sum,Average
100.0,,,0.000802647
100.0,,,0.0094983
100.0,,,0.002122875
100.0,,,0.0023237
100.0,,,0.002204922
100.0,,,0.002449316
100.0,,,0.001915939
100.0,,,0.001844051
100.0,,,0.002413177
100.0,,,0.003086136
