Sample_Size,Quantile,Sum,Average
10.0,,,0.001804147
10.0,,,0.001770685
10.0,,,0.001768228
10.0,,,0.001833724
10.0,,,0.005167101
10.0,,,0.002005541
10.0,,,0.001868733
10.0,,,0.001917721
10.0,,,0.001998533
10.0,,,0.002066004
