Sample_Size,Quantile,Sum,Average
100.0,,0.005263655,
100.0,,0.005424714,
100.0,,0.004459291,
100.0,,0.004766044,
100.0,,0.004909671,
100.0,,0.005070728,
100.0,,0.005230068,
100.0,,0.005402917,
100.0,,0.00873299,
100.0,,0.004733697,
