Sample_Size,Quantile,Sum,Average
100.0,,,2.130800577
100.0,,,1.568797963
100.0,,,1.78523842
100.0,,,2.135756214
100.0,,,1.588291861
100.0,,,1.790592319
100.0,,,2.260480063
100.0,,,1.6520950060000001
100.0,,,1.7309042510000001
100.0,,,2.043685492
