Sample_Size,Quantile,Sum,Average
10.0,,,0.00378757
10.0,,,0.001425152
10.0,,,0.001059908
10.0,,,0.000982133
10.0,,,0.001229153
10.0,,,0.00099369
10.0,,,0.01380774
10.0,,,0.012815055
10.0,,,0.015408057
10.0,,,0.005769138
