Sample_Size,Quantile,Sum,Average
1000.0,2.699064215,,
1000.0,2.749929363,,
1000.0,2.7562860000000002,,
1000.0,2.791270022,,
1000.0,2.724394089,,
1000.0,2.719409669,,
1000.0,2.6816207690000002,,
1000.0,2.771366381,,
1000.0,2.626482898,,
1000.0,2.781286525,,
