Sample_Size,Quantile,Sum,Average
10.0,0.766025657,,
10.0,0.674859104,,
10.0,0.812129198,,
10.0,0.741202902,,
10.0,0.947861228,,
10.0,0.928760422,,
10.0,0.942085765,,
10.0,1.004026996,,
10.0,0.954817268,,
10.0,1.129534993,,
