Sample_Size,Quantile,Sum,Average
10.0,0.000398132,,
10.0,0.000505043,,
10.0,0.000400266,,
10.0,0.000370716,,
10.0,0.000464786,,
10.0,0.000638935,,
10.0,0.000390383,,
10.0,0.000852894,,
10.0,0.00071068,,
10.0,0.000566489,,
