Sample_Size,Quantile,Sum,Average
10.0,,0.002817924,
10.0,,0.001546326,
10.0,,0.000894377,
10.0,,0.001325915,
10.0,,0.000895176,
10.0,,0.000884851,
10.0,,0.00086606,
10.0,,0.000923492,
10.0,,0.000786317,
10.0,,0.001322867,
