Sample_Size,Quantile,Sum,Average
10000.0,0.113451691,,
10000.0,0.120061812,,
10000.0,0.127428943,,
10000.0,0.124461167,,
10000.0,0.125408316,,
10000.0,0.118410096,,
10000.0,0.126831181,,
10000.0,0.119423866,,
10000.0,0.110499067,,
10000.0,0.12855754,,
