Sample_Size,Quantile,Sum,Average
100000.0,,0.022136192,
100000.0,,0.013820642,
100000.0,,0.015008217,
100000.0,,0.012633063,
100000.0,,0.019110705,
100000.0,,0.010138143,
100000.0,,0.015670371,
100000.0,,0.013855313,
100000.0,,0.013549957,
100000.0,,0.012134347,
