Sample_Size,Quantile,Sum,Average
1000.0,0.041814997,,
1000.0,0.042532923,,
1000.0,0.053854437,,
1000.0,0.058060008,,
1000.0,0.044421846,,
1000.0,0.043749808,,
1000.0,0.042041459,,
1000.0,0.043575594,,
1000.0,0.042954268,,
1000.0,0.04569116,,
