Sample_Size,Quantile,Sum,Average
100.0,0.00091835,,
100.0,0.001324173,,
100.0,0.002401081,,
100.0,0.003143369,,
100.0,0.002971471,,
100.0,0.001770121,,
100.0,0.001929877,,
100.0,0.002021932,,
100.0,0.002392285,,
100.0,0.002791317,,
