Sample_Size,Quantile,Sum,Average
1000.0,,,0.315887159
1000.0,,,0.163454699
1000.0,,,0.219256681
1000.0,,,0.1995673
1000.0,,,0.3324554
1000.0,,,0.385314675
1000.0,,,0.354273524
1000.0,,,0.353318775
1000.0,,,0.447116288
1000.0,,,0.223456208
