Sample_Size,Quantile,Sum,Average
100000.0,0.186210346,,
100000.0,0.127652087,,
100000.0,0.130396247,,
100000.0,0.124175933,,
100000.0,0.119341996,,
100000.0,0.137337698,,
100000.0,0.131772238,,
100000.0,0.121126678,,
100000.0,0.1312834,,
100000.0,0.142730234,,
