Sample_Size,Quantile,Sum,Average
10.0,,0.001658312,
10.0,,0.000964183,
10.0,,0.001057761,
10.0,,0.009313928,
10.0,,0.000934909,
10.0,,0.000842138,
10.0,,0.002220889,
10.0,,0.003456177,
10.0,,0.00183185,
10.0,,0.00195407,
