Sample_Size,Quantile,Sum,Average
10000.0,,,0.989579453
10000.0,,,0.971661398
10000.0,,,0.975910002
10000.0,,,0.970080362
10000.0,,,0.956199352
10000.0,,,0.998407638
10000.0,,,0.949377694
10000.0,,,0.961297474
10000.0,,,0.971424291
10000.0,,,0.949246811
