Sample_Size,Quantile,Sum,Average
1000.0,,0.003219733,
1000.0,,0.003290443,
1000.0,,0.003204579,
1000.0,,0.003387321,
1000.0,,0.003208662,
1000.0,,0.003248634,
1000.0,,0.003444059,
1000.0,,0.003293475,
1000.0,,0.003399379,
1000.0,,0.003311221,
