Sample_Size,Quantile,Sum,Average
10.0,,0.000509015,
10.0,,0.000534351,
10.0,,0.000505874,
10.0,,0.000783403,
10.0,,0.000846151,
10.0,,0.000465433,
10.0,,0.000490902,
10.0,,0.000508634,
10.0,,0.000507901,
10.0,,0.000504048,
