Sample_Size,Quantile,Sum,Average
100000.0,,,0.017148435
100000.0,,,0.013257783
100000.0,,,0.013966924
100000.0,,,0.013002954
100000.0,,,0.016033482
100000.0,,,0.014026439
100000.0,,,0.009792525
100000.0,,,0.012501995
100000.0,,,0.013712633
100000.0,,,0.015359931
