Sample_Size,Quantile,Sum,Average
10.0,0.009631232,,
10.0,0.001043362,,
10.0,0.001008629,,
10.0,0.001046193,,
10.0,0.000888056,,
10.0,0.000894061,,
10.0,0.012267952,,
10.0,0.001624827,,
10.0,0.003637969,,
10.0,0.002993086,,
