Sample_Size,Quantile,Sum,Average
10000.0,11.770597946,,
10000.0,11.669632005,,
10000.0,12.07231814,,
10000.0,11.909820591999999,,
10000.0,11.665431353,,
10000.0,11.877544736,,
10000.0,11.75967674,,
10000.0,11.695010357,,
10000.0,11.918777412,,
10000.0,11.634910529,,
