Sample_Size,Quantile,Sum,Average
10000.0,1.076869716,,
10000.0,1.051572954,,
10000.0,1.19046846,,
10000.0,1.141744713,,
10000.0,1.084919212,,
10000.0,1.166111394,,
10000.0,1.095320319,,
10000.0,1.171417333,,
10000.0,1.139822535,,
10000.0,0.928859965,,
