Sample_Size,Quantile,Sum,Average
1000.0,,0.943364749,
1000.0,,0.987265603,
1000.0,,0.993664314,
1000.0,,0.973814135,
1000.0,,0.99237145,
1000.0,,1.059152315,
1000.0,,0.995899323,
1000.0,,1.049051385,
1000.0,,1.022669637,
1000.0,,0.993668181,
