Sample_Size,Quantile,Sum,Average
1000.0,,,0.192183226
1000.0,,,0.228365949
1000.0,,,0.180587762
1000.0,,,0.121455648
1000.0,,,0.197127393
1000.0,,,0.2004985
1000.0,,,0.216640547
1000.0,,,0.246220305
1000.0,,,0.207316368
1000.0,,,0.143347591
