Sample_Size,Quantile,Sum,Average
1000.0,,,0.002302819
1000.0,,,0.005283813
1000.0,,,0.002417131
1000.0,,,0.002932261
1000.0,,,0.002766498
1000.0,,,0.0023575
1000.0,,,0.00311104
1000.0,,,0.002566901
1000.0,,,0.00322292
1000.0,,,0.002869036
