Sample_Size,Quantile,Sum,Average
1000.0,0.003167137,,
1000.0,0.006106602,,
1000.0,0.002726569,,
1000.0,0.004395318,,
1000.0,0.003682622,,
1000.0,0.002858399,,
1000.0,0.00282795,,
1000.0,0.021865499,,
1000.0,0.006520866,,
1000.0,0.002986102,,
