Sample_Size,Quantile,Sum,Average
10000.0,,,9.809380642
10000.0,,,9.69047274
10000.0,,,9.716719894
10000.0,,,9.910994692
10000.0,,,10.222156831
10000.0,,,9.859640842
10000.0,,,10.022892457
10000.0,,,10.086409629
10000.0,,,9.804265216
10000.0,,,9.685070198
