Sample_Size,Quantile,Sum,Average
10000.0,0.008364378,,
10000.0,0.006551107,,
10000.0,0.007250227,,
10000.0,0.008341057,,
10000.0,0.009817164,,
10000.0,0.008374788,,
10000.0,0.00666578,,
10000.0,0.006812893,,
10000.0,0.006653244,,
10000.0,0.00844146,,
