Sample_Size,Quantile,Sum,Average
100.0,,0.025465569,
100.0,,0.035023206,
100.0,,0.029621396,
100.0,,0.030350512,
100.0,,0.030118163,
100.0,,0.030061614,
100.0,,0.033031562,
100.0,,0.034136545,
100.0,,0.029970698,
100.0,,0.029104763,
