Sample_Size,Quantile,Sum,Average
10000.0,,0.004876418,
10000.0,,0.003039383,
10000.0,,0.004061967,
10000.0,,0.003130052,
10000.0,,0.002793634,
10000.0,,0.003217631,
10000.0,,0.003392152,
10000.0,,0.003217011,
10000.0,,0.004093323,
10000.0,,0.004832318,
