Sample_Size,Quantile,Sum,Average
1000.0,,0.224458439,
1000.0,,0.305924412,
1000.0,,0.296685082,
1000.0,,0.36771619,
1000.0,,0.323362937,
1000.0,,0.313915714,
1000.0,,0.33876641,
1000.0,,0.345820897,
1000.0,,0.25461979,
1000.0,,0.347026233,
