Sample_Size,Quantile,Sum,Average
10000.0,,,0.032536971
10000.0,,,0.023766351
10000.0,,,0.025571849
10000.0,,,0.023457406
10000.0,,,0.027477757
10000.0,,,0.024966561
10000.0,,,0.025127098
10000.0,,,0.024873777
10000.0,,,0.022201392
10000.0,,,0.022594839
