Sample_Size,Quantile,Sum,Average
10.0,,,0.002959408
10.0,,,0.001375106
10.0,,,0.00113143
10.0,,,0.001254311
10.0,,,0.003115297
10.0,,,0.001078135
10.0,,,0.000869483
10.0,,,0.009295119
10.0,,,0.0007563
10.0,,,0.001644726
