Sample_Size,Quantile,Sum,Average
100.0,,,0.00089676
100.0,,,0.000901097
100.0,,,0.000921034
100.0,,,0.000749526
100.0,,,0.000728313
100.0,,,0.000763912
100.0,,,0.000787969
100.0,,,0.000824814
100.0,,,0.000934596
100.0,,,0.000836478
