Sample_Size,Quantile,Sum,Average
1000.0,0.295560118,,
1000.0,0.292109376,,
1000.0,0.296718676,,
1000.0,0.310922597,,
1000.0,0.295476808,,
1000.0,0.301310648,,
1000.0,0.304731641,,
1000.0,0.294246151,,
1000.0,0.310428024,,
1000.0,0.300193578,,
