Sample_Size,Quantile,Sum,Average
10.0,,0.001650827,
10.0,,0.00179077,
10.0,,0.001704076,
10.0,,0.001802294,
10.0,,0.001819802,
10.0,,0.00183106,
10.0,,0.00198183,
10.0,,0.001969042,
10.0,,0.002037927,
10.0,,0.004226364,
