Sample_Size,Quantile,Sum,Average
1000.0,,0.050327609,
1000.0,,0.034965695,
1000.0,,0.037859831,
1000.0,,0.038166013,
1000.0,,0.034673706,
1000.0,,0.036179822,
1000.0,,0.043766129,
1000.0,,0.054107634,
1000.0,,0.037218888,
1000.0,,0.04949936,
