Sample_Size,Quantile,Sum,Average
1000.0,0.001267027,,
1000.0,0.00129396,,
1000.0,0.001218168,,
1000.0,0.001310338,,
1000.0,0.001267668,,
1000.0,0.001364831,,
1000.0,0.001282315,,
1000.0,0.001284459,,
1000.0,0.001281057,,
1000.0,0.00120874,,
