Sample_Size,Quantile,Sum,Average
100.0,0.33091731,,
100.0,0.277440239,,
100.0,0.270313401,,
100.0,0.30597393,,
100.0,0.326220907,,
100.0,0.276137325,,
100.0,0.279884086,,
100.0,0.312028558,,
100.0,0.360109938,,
100.0,0.29458676,,
