Sample_Size,Quantile,Sum,Average
10.0,0.001996299,,
10.0,0.002223024,,
10.0,0.002208955,,
10.0,0.002122317,,
10.0,0.002228852,,
10.0,0.004264995,,
10.0,0.002169455,,
10.0,0.002268507,,
10.0,0.002277509,,
10.0,0.002279921,,
