Sample_Size,Quantile,Sum,Average
100.0,,0.028056965,
100.0,,0.259226228,
100.0,,0.241710142,
100.0,,0.339720716,
100.0,,0.308577467,
100.0,,0.285785602,
100.0,,0.311830735,
100.0,,0.318866699,
100.0,,0.212835165,
100.0,,0.30327863,
