Sample_Size,Quantile,Sum,Average
100.0,,,0.000361128
100.0,,,0.000408045
100.0,,,0.000482207
100.0,,,0.000376773
100.0,,,0.00037278
100.0,,,0.000369903
100.0,,,0.000407533
100.0,,,0.000379695
100.0,,,0.000355404
100.0,,,0.00039129
