Sample_Size,Quantile,Sum,Average
10.0,,0.70998448,
10.0,,0.634516558,
10.0,,0.614826145,
10.0,,0.754837265,
10.0,,0.761848681,
10.0,,0.812806737,
10.0,,0.872798303,
10.0,,0.836234909,
10.0,,0.917575433,
10.0,,0.940188923,
