Sample_Size,Quantile,Sum,Average
100000.0,0.038812539,,
100000.0,0.040982177,,
100000.0,0.038639933,,
100000.0,0.037333585,,
100000.0,0.047269252,,
100000.0,0.038790001,,
100000.0,0.037970192,,
100000.0,0.040983248,,
100000.0,0.041153347,,
100000.0,0.041572477,,
