Sample_Size,Quantile,Sum,Average
10000.0,29.24170272,,
10000.0,29.47526233,,
10000.0,29.355317052,,
10000.0,29.867149915,,
10000.0,29.464637185,,
10000.0,29.40009713,,
10000.0,29.493359007,,
10000.0,29.56569811,,
10000.0,29.374255972,,
10000.0,29.750496761,,
