Sample_Size,Quantile,Sum,Average
1000.0,0.332800037,,
1000.0,0.361128153,,
1000.0,0.383698713,,
1000.0,0.221048296,,
1000.0,0.239315101,,
1000.0,0.381039875,,
1000.0,0.378370003,,
1000.0,0.26516045,,
1000.0,0.404725064,,
1000.0,0.433812142,,
