Sample_Size,Quantile,Sum,Average
10.0,,,0.630214777
10.0,,,0.585217018
10.0,,,0.702993541
10.0,,,0.650759811
10.0,,,0.795544494
10.0,,,0.74514985
10.0,,,0.83387265
10.0,,,0.821482016
10.0,,,0.863863138
10.0,,,0.946708423
