Sample_Size,Quantile,Sum,Average
10000.0,,9.05190133,
10000.0,,9.029035084,
10000.0,,9.088504592,
10000.0,,9.354653166,
10000.0,,9.105612249,
10000.0,,9.023916037,
10000.0,,9.062195081,
10000.0,,9.131520096,
10000.0,,9.131878192,
10000.0,,9.108231404,
