Sample_Size,Quantile,Sum,Average
10000.0,,0.894655907,
10000.0,,0.870017148,
10000.0,,0.936614418,
10000.0,,0.914883104,
10000.0,,0.906964047,
10000.0,,0.89807903,
10000.0,,0.877135985,
10000.0,,0.891864611,
10000.0,,0.887285925,
10000.0,,0.8929673,
