Sample_Size,Quantile,Sum,Average
10.0,0.002143505,,
10.0,0.017374418,,
10.0,0.013322848,,
10.0,0.014058514,,
10.0,0.162818176,,
10.0,0.168166827,,
10.0,0.107960326,,
10.0,0.095604677,,
10.0,0.177530098,,
10.0,0.106079373,,
