Sample_Size,Quantile,Sum,Average
100000.0,0.045778186,,
100000.0,0.045419576,,
100000.0,0.047874095,,
100000.0,0.044319033,,
100000.0,0.041562872,,
100000.0,0.039213516,,
100000.0,0.049549888,,
100000.0,0.051621608,,
100000.0,0.042767486,,
100000.0,0.062988013,,
