Sample_Size,Quantile,Sum,Average
10000.0,,,0.003403443
10000.0,,,0.00352356
10000.0,,,0.004338403
10000.0,,,0.003447853
10000.0,,,0.002970423
10000.0,,,0.003336835
10000.0,,,0.003001639
10000.0,,,0.003016281
10000.0,,,0.003283997
10000.0,,,0.003004866
