Sample_Size,Quantile,Sum,Average
100.0,,0.0090355,
100.0,,0.012414985,
100.0,,0.005454855,
100.0,,0.008295388,
100.0,,0.005612945,
100.0,,0.005245713,
100.0,,0.00756762,
100.0,,0.01056181,
100.0,,0.008688671,
100.0,,0.024229748,
