Sample_Size,Quantile,Sum,Average
10.0,0.014929162,,
10.0,0.014554293,,
10.0,0.015618398,,
10.0,0.016516082,,
10.0,0.017507841,,
10.0,0.018526426,,
10.0,0.019719095,,
10.0,0.0201286,,
10.0,0.020599725,,
10.0,0.020715826,,
