Evaluation_Time,Evaluation_Time
mean,std
9.7051939152,0.19983436375960908
