Evaluation_Time,Evaluation_Time
mean,std
14.590868472599999,0.5053069051943619
